numero_acessos,numero_cliques,faixa_etaria,cidade,cor_da_pele,navegador_web,converteu
65,57,18-24,Curitiba,negro,Edge,sim
99,38,55-64,Fortaleza,negro,Safari,sim
24,23,25-34,Curitiba,pardo,Chrome,sim
49,1,35-44,Curitiba,pardo,Edge,não
25,12,55-64,Natal,branco,Safari,não
1,1,45-54,Curitiba,negro,Safari,não
52,42,45-54,Fortaleza,negro,Safari,sim
81,5,25-34,Salvador,negro,Firefox,não
62,57,35-44,Natal,branco,Edge,sim
2,2,25-34,Fortaleza,negro,Safari,não
62,60,25-34,Blumenau,branco,Edge,sim
73,69,18-24,Natal,pardo,Edge,sim
91,42,25-34,Natal,pardo,Edge,sim
32,2,18-24,Curitiba,pardo,Safari,não
44,37,18-24,Blumenau,negro,Edge,não
94,21,55-64,Fortaleza,pardo,Firefox,sim
61,52,55-64,Salvador,pardo,Safari,sim
100,18,45-54,Curitiba,pardo,Edge,sim
4,4,45-54,Curitiba,branco,Chrome,não
41,32,25-34,Curitiba,branco,Chrome,sim
10,0,25-34,Curitiba,pardo,Firefox,não
45,14,55-64,Natal,pardo,Firefox,não
2,2,55-64,Fortaleza,negro,Chrome,não
93,31,35-44,Natal,pardo,Firefox,sim
84,3,25-34,Blumenau,pardo,Chrome,não
1,1,35-44,Salvador,branco,Firefox,não
76,9,55-64,Natal,branco,Edge,não
68,43,55-64,Natal,branco,Edge,sim
100,97,25-34,Salvador,pardo,Edge,sim
52,24,55-64,Salvador,negro,Edge,sim
61,8,25-34,Salvador,negro,Safari,sim
63,24,25-34,Fortaleza,branco,Safari,sim
66,4,18-24,Natal,branco,Safari,não
60,25,55-64,Fortaleza,negro,Firefox,sim
15,15,35-44,Natal,pardo,Safari,sim
50,44,55-64,Blumenau,negro,Firefox,não
42,13,25-34,Natal,pardo,Safari,sim
10,3,55-64,Salvador,branco,Chrome,não
98,30,45-54,Salvador,negro,Edge,sim
57,31,35-44,Natal,pardo,Chrome,sim
28,23,18-24,Salvador,negro,Firefox,não
54,12,25-34,Natal,branco,Firefox,sim
83,7,35-44,Blumenau,pardo,Edge,sim
12,7,55-64,Fortaleza,pardo,Firefox,não
20,7,25-34,Salvador,branco,Edge,sim
31,31,45-54,Salvador,branco,Safari,não
81,17,25-34,Salvador,branco,Chrome,sim
81,4,55-64,Blumenau,branco,Safari,não
29,19,18-24,Natal,negro,Edge,não
28,0,25-34,Fortaleza,branco,Chrome,não
74,61,25-34,Fortaleza,pardo,Chrome,sim
57,35,25-34,Fortaleza,negro,Chrome,sim
51,35,55-64,Salvador,branco,Chrome,sim
20,17,55-64,Fortaleza,negro,Firefox,não
94,42,25-34,Fortaleza,pardo,Chrome,sim
78,35,55-64,Blumenau,negro,Edge,sim
96,80,45-54,Natal,negro,Safari,sim
27,2,25-34,Curitiba,branco,Safari,não
89,53,45-54,Blumenau,negro,Chrome,sim
54,16,35-44,Curitiba,branco,Safari,sim
38,28,55-64,Salvador,negro,Safari,não
49,49,35-44,Fortaleza,pardo,Firefox,sim
66,8,18-24,Fortaleza,pardo,Edge,não
41,15,35-44,Blumenau,negro,Chrome,sim
70,60,18-24,Fortaleza,pardo,Chrome,sim
44,13,35-44,Blumenau,negro,Chrome,sim
55,2,18-24,Fortaleza,negro,Safari,não
83,21,55-64,Blumenau,branco,Chrome,sim
55,3,25-34,Blumenau,pardo,Chrome,não
43,38,18-24,Fortaleza,pardo,Firefox,não
75,4,55-64,Natal,branco,Chrome,não
19,5,55-64,Curitiba,branco,Safari,não
14,13,18-24,Blumenau,branco,Firefox,não
99,4,45-54,Fortaleza,pardo,Edge,não
65,18,25-34,Curitiba,negro,Edge,sim
54,44,35-44,Salvador,negro,Chrome,sim
16,5,25-34,Salvador,branco,Firefox,não
91,51,18-24,Blumenau,pardo,Chrome,sim
57,26,45-54,Blumenau,branco,Firefox,sim
80,40,45-54,Salvador,pardo,Firefox,sim
99,0,18-24,Blumenau,pardo,Firefox,não
99,29,25-34,Curitiba,branco,Edge,sim
90,70,45-54,Salvador,pardo,Safari,sim
49,2,55-64,Salvador,pardo,Safari,não
15,2,25-34,Curitiba,negro,Chrome,não
31,8,35-44,Fortaleza,branco,Chrome,sim
47,19,18-24,Curitiba,pardo,Firefox,não
68,16,55-64,Blumenau,negro,Edge,sim
10,10,45-54,Salvador,negro,Chrome,não
7,2,45-54,Salvador,pardo,Edge,não
97,38,18-24,Blumenau,negro,Edge,sim
44,9,18-24,Fortaleza,negro,Edge,não
32,7,18-24,Curitiba,branco,Edge,não
10,8,25-34,Curitiba,negro,Chrome,sim
14,5,35-44,Natal,branco,Safari,não
54,25,25-34,Curitiba,pardo,Safari,sim
54,9,25-34,Natal,negro,Edge,sim
35,9,35-44,Fortaleza,negro,Chrome,sim
86,31,35-44,Salvador,negro,Edge,sim
41,4,45-54,Fortaleza,branco,Firefox,não
41,32,25-34,Fortaleza,negro,Edge,sim
51,26,35-44,Fortaleza,negro,Edge,sim
76,10,45-54,Fortaleza,pardo,Chrome,não
49,43,18-24,Fortaleza,pardo,Firefox,não
28,27,25-34,Curitiba,negro,Safari,sim
51,36,35-44,Curitiba,pardo,Edge,sim
80,5,55-64,Blumenau,branco,Edge,não
50,5,35-44,Curitiba,branco,Edge,não
61,27,25-34,Curitiba,pardo,Firefox,sim
36,32,25-34,Curitiba,pardo,Edge,sim
17,5,55-64,Blumenau,negro,Edge,não
95,53,45-54,Salvador,branco,Chrome,sim
12,10,55-64,Salvador,branco,Firefox,não
15,10,25-34,Salvador,pardo,Firefox,sim
66,46,45-54,Curitiba,pardo,Chrome,sim
41,14,35-44,Blumenau,negro,Chrome,sim
67,40,45-54,Salvador,branco,Edge,sim
58,11,35-44,Natal,branco,Safari,sim
29,23,25-34,Curitiba,pardo,Firefox,sim
49,46,25-34,Curitiba,branco,Chrome,sim
4,1,45-54,Fortaleza,branco,Edge,não
41,28,55-64,Fortaleza,negro,Edge,não
3,2,45-54,Fortaleza,negro,Firefox,não
3,2,25-34,Blumenau,negro,Firefox,não
83,24,18-24,Fortaleza,negro,Chrome,sim
39,27,35-44,Blumenau,pardo,Firefox,sim
94,4,18-24,Fortaleza,pardo,Chrome,não
99,41,25-34,Natal,negro,Safari,sim
9,9,45-54,Natal,pardo,Firefox,não
6,5,45-54,Curitiba,branco,Edge,não
51,29,18-24,Natal,branco,Safari,sim
16,8,25-34,Salvador,negro,Safari,sim
24,5,25-34,Natal,branco,Firefox,não
26,26,45-54,Natal,negro,Safari,não
99,28,55-64,Curitiba,negro,Firefox,sim
14,5,55-64,Fortaleza,branco,Safari,não
94,8,45-54,Fortaleza,pardo,Safari,não
12,12,25-34,Blumenau,pardo,Safari,sim
21,4,25-34,Curitiba,negro,Chrome,não
46,12,25-34,Fortaleza,pardo,Firefox,sim
97,86,18-24,Fortaleza,pardo,Chrome,sim
92,47,18-24,Curitiba,branco,Firefox,sim
95,41,25-34,Natal,negro,Chrome,sim
98,38,35-44,Curitiba,negro,Firefox,sim
23,4,55-64,Curitiba,negro,Safari,não
22,8,18-24,Natal,pardo,Chrome,não
41,25,55-64,Curitiba,pardo,Chrome,não
52,21,55-64,Blumenau,branco,Edge,sim
66,41,25-34,Fortaleza,negro,Firefox,sim
57,49,55-64,Curitiba,branco,Safari,sim
33,26,55-64,Natal,pardo,Edge,não
67,24,25-34,Natal,negro,Chrome,sim
30,6,45-54,Curitiba,negro,Edge,não
91,84,18-24,Curitiba,pardo,Chrome,sim
24,8,55-64,Curitiba,branco,Chrome,não
69,1,35-44,Fortaleza,pardo,Edge,não
69,3,25-34,Curitiba,pardo,Safari,não
13,5,55-64,Salvador,negro,Firefox,não
9,2,35-44,Curitiba,pardo,Edge,não
6,1,18-24,Blumenau,negro,Chrome,não
61,33,25-34,Natal,negro,Safari,sim
49,41,55-64,Blumenau,negro,Chrome,não
87,85,35-44,Fortaleza,pardo,Firefox,sim
5,3,45-54,Natal,negro,Safari,não
67,19,35-44,Curitiba,pardo,Edge,sim
76,69,35-44,Blumenau,pardo,Chrome,sim
69,43,45-54,Fortaleza,branco,Firefox,sim
26,0,55-64,Fortaleza,pardo,Chrome,não
27,19,55-64,Salvador,branco,Safari,não
75,68,35-44,Fortaleza,pardo,Edge,sim
26,9,55-64,Salvador,pardo,Safari,não
79,55,45-54,Blumenau,negro,Firefox,sim
47,25,55-64,Curitiba,pardo,Safari,não
40,38,55-64,Blumenau,pardo,Safari,não
53,2,45-54,Curitiba,pardo,Firefox,não
35,30,35-44,Blumenau,negro,Firefox,sim
1,1,35-44,Natal,pardo,Firefox,não
33,28,35-44,Blumenau,pardo,Firefox,sim
38,22,35-44,Fortaleza,pardo,Edge,sim
86,47,55-64,Natal,branco,Chrome,sim
46,46,25-34,Blumenau,branco,Chrome,sim
51,18,18-24,Natal,pardo,Chrome,sim
96,12,35-44,Salvador,negro,Safari,sim
43,33,35-44,Natal,pardo,Chrome,sim
40,30,35-44,Natal,pardo,Chrome,sim
59,37,55-64,Salvador,negro,Safari,sim
67,32,18-24,Salvador,pardo,Chrome,sim
16,8,25-34,Curitiba,negro,Chrome,sim
26,8,35-44,Natal,pardo,Edge,sim
22,1,18-24,Curitiba,negro,Chrome,não
72,68,35-44,Natal,negro,Chrome,sim
95,53,25-34,Salvador,negro,Firefox,sim
14,3,25-34,Natal,pardo,Chrome,não
39,18,45-54,Natal,branco,Chrome,não
60,1,18-24,Fortaleza,branco,Safari,não
26,16,18-24,Blumenau,pardo,Safari,não
10,4,45-54,Curitiba,negro,Chrome,não
77,7,35-44,Blumenau,pardo,Chrome,sim
61,23,35-44,Blumenau,negro,Chrome,sim
36,25,35-44,Blumenau,pardo,Safari,sim
36,20,35-44,Natal,negro,Edge,sim
43,37,45-54,Fortaleza,branco,Edge,não
89,26,18-24,Curitiba,pardo,Firefox,sim
10,3,45-54,Salvador,negro,Safari,não
19,12,55-64,Natal,branco,Chrome,não
91,45,25-34,Curitiba,negro,Edge,sim
93,84,55-64,Fortaleza,negro,Safari,sim
58,15,35-44,Natal,negro,Edge,sim
42,5,45-54,Curitiba,pardo,Edge,não
12,4,35-44,Blumenau,negro,Firefox,não
54,14,45-54,Blumenau,negro,Firefox,sim
86,6,35-44,Curitiba,pardo,Safari,sim
38,25,18-24,Curitiba,branco,Edge,não
69,23,25-34,Curitiba,branco,Chrome,sim
100,85,25-34,Fortaleza,branco,Edge,sim
5,5,55-64,Natal,branco,Firefox,não
8,1,55-64,Salvador,negro,Edge,não
42,1,25-34,Blumenau,branco,Edge,não
63,39,35-44,Natal,pardo,Chrome,sim
53,23,18-24,Salvador,pardo,Edge,sim
20,5,35-44,Curitiba,negro,Firefox,não
39,12,55-64,Blumenau,branco,Safari,não
94,78,45-54,Curitiba,negro,Edge,sim
54,1,55-64,Natal,pardo,Firefox,não
42,20,35-44,Fortaleza,negro,Safari,sim
45,33,25-34,Fortaleza,negro,Firefox,sim
25,0,25-34,Blumenau,branco,Edge,não
90,60,55-64,Fortaleza,pardo,Chrome,sim
39,30,25-34,Fortaleza,pardo,Edge,sim
48,32,25-34,Salvador,pardo,Chrome,sim
92,65,35-44,Salvador,negro,Edge,sim
89,38,18-24,Blumenau,pardo,Chrome,sim
50,34,18-24,Natal,negro,Edge,não
95,1,25-34,Fortaleza,negro,Chrome,não
26,25,45-54,Fortaleza,branco,Chrome,não
94,8,55-64,Fortaleza,negro,Firefox,não
70,62,25-34,Fortaleza,branco,Chrome,sim
25,13,25-34,Blumenau,branco,Edge,sim
37,0,25-34,Blumenau,negro,Chrome,não
7,4,35-44,Salvador,pardo,Edge,não
52,8,55-64,Fortaleza,pardo,Chrome,não
71,6,55-64,Salvador,branco,Firefox,não
6,4,18-24,Fortaleza,branco,Firefox,não
35,13,35-44,Natal,branco,Safari,sim
37,16,55-64,Salvador,branco,Chrome,não
3,1,35-44,Fortaleza,pardo,Safari,não
11,6,55-64,Salvador,branco,Edge,não
48,10,55-64,Salvador,pardo,Edge,não
6,2,25-34,Curitiba,negro,Edge,não
25,3,35-44,Curitiba,pardo,Safari,não
62,39,18-24,Fortaleza,negro,Safari,sim
37,26,35-44,Salvador,pardo,Firefox,sim
96,68,55-64,Curitiba,branco,Firefox,sim
29,22,35-44,Fortaleza,branco,Edge,sim
58,52,18-24,Blumenau,branco,Safari,sim
92,86,45-54,Salvador,pardo,Firefox,sim
45,30,55-64,Fortaleza,negro,Safari,não
36,33,35-44,Salvador,pardo,Safari,sim
29,4,25-34,Curitiba,negro,Firefox,não
97,67,25-34,Fortaleza,branco,Chrome,sim
60,18,45-54,Fortaleza,pardo,Safari,sim
95,14,45-54,Blumenau,pardo,Chrome,sim
60,56,35-44,Natal,branco,Safari,sim
45,19,25-34,Curitiba,branco,Edge,sim
26,2,18-24,Fortaleza,branco,Firefox,não
40,27,35-44,Natal,pardo,Firefox,sim
23,11,35-44,Salvador,negro,Edge,sim
52,28,45-54,Curitiba,negro,Edge,sim
97,81,45-54,Curitiba,pardo,Chrome,sim
9,6,45-54,Blumenau,negro,Chrome,não
6,5,35-44,Fortaleza,pardo,Edge,não
9,9,45-54,Curitiba,branco,Chrome,não
14,1,25-34,Fortaleza,branco,Chrome,não
8,2,45-54,Curitiba,pardo,Edge,não
3,2,25-34,Natal,pardo,Chrome,não
64,62,55-64,Salvador,negro,Safari,sim
53,45,25-34,Natal,branco,Edge,sim
96,93,45-54,Salvador,pardo,Safari,sim
75,58,55-64,Curitiba,negro,Chrome,sim
68,43,18-24,Blumenau,pardo,Chrome,sim
94,74,25-34,Blumenau,branco,Chrome,sim
43,31,55-64,Natal,branco,Edge,não
63,59,18-24,Salvador,branco,Chrome,sim
78,51,18-24,Curitiba,negro,Edge,sim
80,59,55-64,Salvador,negro,Safari,sim
49,24,55-64,Blumenau,negro,Chrome,não
56,50,35-44,Natal,branco,Edge,sim
81,48,35-44,Fortaleza,pardo,Edge,sim
26,11,55-64,Salvador,negro,Chrome,não
13,9,18-24,Fortaleza,pardo,Chrome,não
19,4,25-34,Blumenau,negro,Firefox,não
8,4,25-34,Salvador,negro,Safari,não
39,35,35-44,Natal,negro,Edge,sim
68,17,55-64,Natal,pardo,Chrome,sim
16,5,45-54,Salvador,branco,Firefox,não
3,2,45-54,Blumenau,branco,Chrome,não
63,20,45-54,Blumenau,branco,Safari,sim
68,28,55-64,Fortaleza,branco,Edge,sim
46,26,55-64,Natal,pardo,Edge,não
36,36,25-34,Curitiba,branco,Chrome,sim
14,12,55-64,Fortaleza,pardo,Chrome,não
96,58,18-24,Curitiba,negro,Chrome,sim
36,29,55-64,Salvador,pardo,Firefox,não
100,62,35-44,Natal,negro,Safari,sim
81,4,55-64,Fortaleza,negro,Edge,não
47,11,55-64,Blumenau,negro,Edge,não
9,3,25-34,Salvador,pardo,Firefox,não
96,10,55-64,Blumenau,branco,Firefox,não
33,19,18-24,Natal,pardo,Safari,não
64,10,45-54,Salvador,branco,Firefox,não
96,48,35-44,Fortaleza,negro,Chrome,sim
37,16,25-34,Salvador,negro,Safari,sim
86,59,45-54,Salvador,pardo,Edge,sim
7,2,45-54,Curitiba,pardo,Edge,não
83,79,35-44,Curitiba,pardo,Edge,sim
28,24,25-34,Salvador,pardo,Safari,sim
80,75,25-34,Salvador,negro,Edge,sim
7,5,35-44,Salvador,negro,Safari,não
66,5,35-44,Curitiba,pardo,Firefox,não
30,17,45-54,Fortaleza,pardo,Firefox,não
92,58,35-44,Fortaleza,pardo,Firefox,sim
82,64,35-44,Fortaleza,negro,Chrome,sim
71,6,55-64,Salvador,pardo,Firefox,não
29,28,55-64,Natal,pardo,Firefox,não
30,30,18-24,Natal,pardo,Safari,não
33,17,45-54,Blumenau,negro,Safari,não
69,21,25-34,Fortaleza,pardo,Chrome,sim
87,45,45-54,Blumenau,pardo,Chrome,sim
6,6,45-54,Salvador,negro,Safari,não
72,69,55-64,Blumenau,pardo,Firefox,sim
32,25,35-44,Fortaleza,branco,Firefox,sim
23,0,18-24,Natal,branco,Chrome,não
25,5,18-24,Natal,branco,Safari,não
86,58,55-64,Fortaleza,branco,Firefox,sim
29,16,18-24,Natal,branco,Safari,não
28,15,35-44,Fortaleza,pardo,Firefox,sim
84,1,45-54,Fortaleza,negro,Chrome,não
55,29,18-24,Natal,branco,Firefox,sim
5,2,35-44,Curitiba,branco,Firefox,não
28,11,25-34,Salvador,pardo,Firefox,sim
42,20,25-34,Curitiba,branco,Safari,sim
18,7,25-34,Salvador,branco,Safari,sim
83,21,35-44,Curitiba,negro,Safari,sim
64,12,45-54,Curitiba,branco,Edge,sim
87,31,18-24,Curitiba,branco,Edge,sim
22,13,18-24,Blumenau,pardo,Firefox,não
25,23,35-44,Blumenau,branco,Edge,sim
44,1,25-34,Curitiba,pardo,Edge,não
48,27,55-64,Natal,pardo,Chrome,não
94,53,18-24,Salvador,negro,Chrome,sim
20,4,35-44,Salvador,negro,Chrome,não
73,37,45-54,Curitiba,negro,Safari,sim
64,55,45-54,Curitiba,branco,Chrome,sim
83,81,45-54,Curitiba,pardo,Chrome,sim
57,12,45-54,Curitiba,branco,Chrome,sim
41,3,18-24,Curitiba,pardo,Edge,não
15,7,55-64,Fortaleza,branco,Chrome,não
95,91,25-34,Blumenau,negro,Edge,sim
74,47,25-34,Fortaleza,pardo,Edge,sim
39,27,55-64,Salvador,negro,Chrome,não
83,66,35-44,Salvador,negro,Firefox,sim
98,83,18-24,Curitiba,negro,Safari,sim
92,26,18-24,Natal,pardo,Safari,sim
32,24,55-64,Blumenau,negro,Safari,não
54,38,55-64,Fortaleza,negro,Edge,sim
61,35,25-34,Fortaleza,negro,Edge,sim
5,5,45-54,Blumenau,negro,Safari,não
18,4,35-44,Salvador,negro,Chrome,não
69,13,25-34,Natal,negro,Safari,sim
32,23,45-54,Curitiba,branco,Firefox,não
39,7,25-34,Curitiba,pardo,Chrome,sim
79,63,35-44,Natal,negro,Chrome,sim
65,10,25-34,Blumenau,branco,Edge,sim
92,15,35-44,Curitiba,negro,Safari,sim
38,0,25-34,Blumenau,pardo,Chrome,não
67,63,45-54,Salvador,negro,Safari,sim
96,10,45-54,Curitiba,branco,Edge,não
90,44,25-34,Fortaleza,pardo,Firefox,sim
95,81,18-24,Fortaleza,negro,Edge,sim
74,34,25-34,Curitiba,negro,Chrome,sim
77,48,55-64,Curitiba,branco,Firefox,sim
26,6,25-34,Natal,branco,Safari,sim
5,0,55-64,Curitiba,negro,Safari,não
66,34,25-34,Fortaleza,pardo,Edge,sim
17,2,35-44,Natal,negro,Chrome,não
18,0,25-34,Salvador,negro,Edge,não
52,8,55-64,Natal,branco,Edge,não
21,3,45-54,Fortaleza,negro,Edge,não
47,42,18-24,Curitiba,pardo,Chrome,não
85,82,25-34,Salvador,branco,Safari,sim
82,57,18-24,Natal,pardo,Safari,sim
98,86,18-24,Salvador,branco,Chrome,sim
97,77,25-34,Natal,branco,Safari,sim
47,17,25-34,Salvador,negro,Firefox,sim
95,51,35-44,Fortaleza,pardo,Firefox,sim
51,24,35-44,Blumenau,branco,Safari,sim
25,19,45-54,Fortaleza,pardo,Safari,não
98,61,55-64,Fortaleza,negro,Firefox,sim
88,3,18-24,Blumenau,negro,Firefox,não
36,6,25-34,Fortaleza,branco,Safari,sim
94,56,35-44,Blumenau,pardo,Firefox,sim
50,44,25-34,Natal,pardo,Safari,sim
28,10,55-64,Natal,pardo,Safari,não
77,61,18-24,Curitiba,pardo,Firefox,sim
88,44,25-34,Fortaleza,negro,Chrome,sim
50,19,45-54,Fortaleza,pardo,Safari,não
62,16,45-54,Natal,pardo,Edge,sim
56,7,55-64,Curitiba,pardo,Safari,não
64,31,45-54,Fortaleza,branco,Edge,sim
44,18,45-54,Curitiba,pardo,Chrome,não
76,54,35-44,Salvador,branco,Chrome,sim
53,7,18-24,Salvador,negro,Chrome,não
11,5,35-44,Salvador,branco,Safari,não
93,57,18-24,Natal,branco,Edge,sim
32,10,25-34,Blumenau,negro,Edge,sim
48,34,25-34,Curitiba,pardo,Firefox,sim
12,4,25-34,Fortaleza,negro,Safari,não
22,16,45-54,Natal,branco,Chrome,não
73,26,45-54,Fortaleza,branco,Chrome,sim
17,9,35-44,Salvador,branco,Chrome,sim
60,35,35-44,Salvador,branco,Chrome,sim
44,41,55-64,Salvador,pardo,Chrome,não
76,62,35-44,Fortaleza,negro,Chrome,sim
35,34,35-44,Natal,negro,Chrome,sim
71,64,45-54,Curitiba,branco,Safari,sim
61,13,55-64,Natal,branco,Firefox,sim
42,27,18-24,Fortaleza,pardo,Firefox,não
65,26,25-34,Natal,pardo,Firefox,sim
28,18,45-54,Blumenau,branco,Firefox,não
66,2,55-64,Salvador,branco,Chrome,não
51,15,25-34,Salvador,branco,Firefox,sim
11,7,35-44,Salvador,negro,Firefox,sim
2,0,45-54,Curitiba,negro,Firefox,não
4,3,55-64,Curitiba,pardo,Edge,não
40,21,45-54,Fortaleza,negro,Chrome,não
72,52,45-54,Curitiba,pardo,Firefox,sim
77,4,18-24,Salvador,pardo,Safari,não
92,91,25-34,Natal,pardo,Firefox,sim
83,78,55-64,Curitiba,branco,Safari,sim
64,47,18-24,Salvador,branco,Chrome,sim
53,39,25-34,Salvador,negro,Edge,sim
53,16,18-24,Salvador,branco,Firefox,sim
30,21,45-54,Natal,pardo,Edge,não
3,3,35-44,Salvador,negro,Chrome,não
92,26,35-44,Fortaleza,branco,Firefox,sim
33,8,45-54,Curitiba,pardo,Safari,não
68,12,25-34,Natal,branco,Edge,sim
50,38,55-64,Salvador,negro,Edge,não
15,4,25-34,Curitiba,negro,Chrome,não
45,34,55-64,Natal,branco,Chrome,não
93,44,18-24,Natal,branco,Safari,sim
9,7,55-64,Salvador,branco,Chrome,não
62,16,55-64,Natal,branco,Edge,sim
10,10,35-44,Fortaleza,negro,Chrome,sim
100,63,45-54,Natal,negro,Edge,sim
67,59,55-64,Natal,negro,Chrome,sim
89,41,55-64,Curitiba,branco,Chrome,sim
9,7,55-64,Fortaleza,negro,Firefox,não
77,70,45-54,Curitiba,pardo,Edge,sim
34,14,55-64,Salvador,pardo,Firefox,não
23,3,35-44,Fortaleza,branco,Edge,não
17,12,55-64,Salvador,branco,Firefox,não
23,8,18-24,Blumenau,branco,Edge,não
23,13,35-44,Salvador,pardo,Chrome,sim
70,16,45-54,Fortaleza,branco,Firefox,sim
26,15,55-64,Blumenau,negro,Firefox,não
8,5,55-64,Curitiba,branco,Firefox,não
98,42,55-64,Blumenau,pardo,Firefox,sim
81,30,45-54,Salvador,pardo,Edge,sim
38,38,55-64,Salvador,pardo,Firefox,não
15,1,35-44,Fortaleza,branco,Edge,não
2,2,25-34,Blumenau,branco,Safari,não
56,15,45-54,Fortaleza,negro,Chrome,sim
67,30,45-54,Fortaleza,branco,Safari,sim
94,45,25-34,Salvador,pardo,Edge,sim
83,28,25-34,Fortaleza,negro,Firefox,sim
98,59,55-64,Blumenau,branco,Firefox,sim
33,16,25-34,Curitiba,pardo,Edge,sim
56,34,18-24,Salvador,branco,Chrome,sim
96,26,18-24,Salvador,negro,Firefox,sim
8,6,35-44,Curitiba,pardo,Firefox,sim
10,8,55-64,Salvador,pardo,Chrome,não
40,12,25-34,Natal,pardo,Firefox,sim
7,2,35-44,Natal,pardo,Chrome,não
32,23,25-34,Natal,negro,Firefox,sim
50,31,45-54,Fortaleza,branco,Chrome,não
96,33,35-44,Natal,branco,Chrome,sim
34,6,55-64,Salvador,pardo,Firefox,não
46,33,35-44,Natal,pardo,Safari,sim
59,2,55-64,Blumenau,pardo,Edge,não
33,18,25-34,Blumenau,negro,Firefox,sim
18,4,35-44,Curitiba,branco,Safari,não
72,43,18-24,Fortaleza,branco,Safari,sim
91,57,18-24,Fortaleza,negro,Chrome,sim
11,1,18-24,Blumenau,pardo,Firefox,não
65,3,55-64,Fortaleza,branco,Firefox,não
29,23,25-34,Blumenau,negro,Safari,sim
33,19,45-54,Natal,branco,Firefox,não
84,49,35-44,Curitiba,branco,Firefox,sim
82,53,18-24,Fortaleza,negro,Edge,sim
84,50,35-44,Curitiba,negro,Safari,sim
20,19,18-24,Blumenau,negro,Edge,não
92,3,45-54,Natal,branco,Firefox,não
93,42,45-54,Fortaleza,branco,Edge,sim
51,20,45-54,Blumenau,branco,Safari,sim
57,0,18-24,Salvador,negro,Edge,não
26,8,45-54,Blumenau,branco,Safari,não
99,10,45-54,Natal,negro,Chrome,não
56,19,18-24,Blumenau,pardo,Chrome,sim
96,59,35-44,Curitiba,negro,Firefox,sim
14,2,25-34,Fortaleza,negro,Firefox,não
77,45,25-34,Salvador,branco,Safari,sim
51,3,18-24,Natal,branco,Chrome,não
94,35,35-44,Salvador,branco,Safari,sim
54,3,35-44,Curitiba,pardo,Edge,não
17,3,45-54,Fortaleza,branco,Chrome,não
57,17,18-24,Salvador,pardo,Edge,sim
80,56,55-64,Curitiba,negro,Safari,sim
95,79,25-34,Curitiba,branco,Edge,sim
96,75,55-64,Salvador,negro,Edge,sim
40,26,35-44,Salvador,negro,Firefox,sim
94,84,55-64,Fortaleza,branco,Firefox,sim
13,9,55-64,Blumenau,branco,Chrome,não
48,39,18-24,Fortaleza,pardo,Firefox,não
87,58,25-34,Curitiba,negro,Safari,sim
20,16,55-64,Salvador,pardo,Safari,não
30,9,25-34,Salvador,pardo,Firefox,sim
88,6,45-54,Fortaleza,pardo,Firefox,não
40,11,35-44,Blumenau,branco,Edge,sim
38,32,25-34,Fortaleza,branco,Chrome,sim
38,11,25-34,Blumenau,branco,Chrome,sim
92,9,25-34,Blumenau,pardo,Safari,sim
4,0,18-24,Salvador,negro,Edge,não
11,3,18-24,Natal,branco,Edge,não
16,15,25-34,Natal,pardo,Firefox,sim
29,26,35-44,Natal,negro,Firefox,sim
72,20,35-44,Blumenau,pardo,Firefox,sim
10,10,35-44,Fortaleza,branco,Safari,sim
1,0,35-44,Fortaleza,negro,Chrome,não
35,16,45-54,Fortaleza,negro,Edge,não
30,5,45-54,Natal,negro,Edge,não
33,11,35-44,Blumenau,branco,Firefox,sim
76,36,35-44,Natal,pardo,Firefox,sim
4,1,25-34,Fortaleza,negro,Chrome,não
76,7,18-24,Curitiba,branco,Chrome,não
54,49,45-54,Natal,pardo,Firefox,sim
75,56,25-34,Natal,branco,Chrome,sim
56,13,45-54,Blumenau,branco,Firefox,sim
9,8,25-34,Fortaleza,branco,Firefox,sim
27,7,45-54,Salvador,branco,Edge,não
98,81,35-44,Blumenau,negro,Safari,sim
62,31,18-24,Fortaleza,pardo,Safari,sim
62,37,25-34,Fortaleza,branco,Safari,sim
75,52,35-44,Fortaleza,branco,Chrome,sim
53,32,18-24,Curitiba,branco,Safari,sim
5,5,18-24,Blumenau,pardo,Firefox,não
76,6,35-44,Fortaleza,pardo,Safari,sim
27,4,25-34,Blumenau,pardo,Firefox,não
82,38,55-64,Natal,branco,Safari,sim
35,18,35-44,Fortaleza,negro,Edge,sim
9,8,35-44,Curitiba,negro,Edge,sim
89,62,35-44,Blumenau,pardo,Safari,sim
18,16,45-54,Salvador,branco,Chrome,não
14,7,55-64,Curitiba,pardo,Firefox,não
75,73,55-64,Curitiba,pardo,Chrome,sim
8,6,35-44,Fortaleza,branco,Edge,sim
96,31,35-44,Curitiba,branco,Edge,sim
70,6,25-34,Natal,branco,Firefox,sim
25,8,55-64,Fortaleza,branco,Firefox,não
4,1,18-24,Fortaleza,negro,Edge,não
4,0,25-34,Curitiba,branco,Edge,não
58,55,45-54,Salvador,negro,Safari,sim
31,10,35-44,Salvador,branco,Chrome,sim
5,3,55-64,Curitiba,pardo,Chrome,não
94,19,55-64,Curitiba,branco,Safari,sim
81,40,55-64,Curitiba,pardo,Edge,sim
6,0,35-44,Fortaleza,negro,Edge,não
70,11,18-24,Natal,pardo,Chrome,sim
83,64,18-24,Curitiba,pardo,Chrome,sim
61,12,35-44,Natal,negro,Safari,sim
54,25,35-44,Curitiba,pardo,Safari,sim
30,3,55-64,Blumenau,pardo,Firefox,não
100,6,25-34,Blumenau,branco,Edge,sim
60,45,55-64,Fortaleza,pardo,Edge,sim
73,71,25-34,Curitiba,branco,Edge,sim
63,1,25-34,Fortaleza,pardo,Chrome,não
72,36,45-54,Fortaleza,pardo,Edge,sim
55,5,18-24,Fortaleza,branco,Chrome,não
75,47,35-44,Salvador,pardo,Chrome,sim
11,1,18-24,Blumenau,negro,Chrome,não
23,10,18-24,Natal,negro,Safari,não
23,8,45-54,Salvador,pardo,Edge,não
76,46,18-24,Blumenau,pardo,Chrome,sim
69,28,55-64,Salvador,pardo,Safari,sim
98,40,55-64,Curitiba,branco,Chrome,sim
31,31,55-64,Fortaleza,branco,Firefox,não
80,51,35-44,Blumenau,pardo,Chrome,sim
14,12,25-34,Salvador,negro,Firefox,sim
25,18,55-64,Fortaleza,pardo,Edge,não
46,38,18-24,Curitiba,negro,Chrome,não
43,2,45-54,Curitiba,negro,Chrome,não
92,89,45-54,Salvador,branco,Chrome,sim
50,20,25-34,Natal,negro,Firefox,sim
90,83,25-34,Curitiba,negro,Safari,sim
20,13,45-54,Fortaleza,pardo,Edge,não
3,0,45-54,Natal,pardo,Safari,não
73,28,55-64,Curitiba,pardo,Chrome,sim
88,23,18-24,Blumenau,branco,Safari,sim
17,9,35-44,Curitiba,branco,Firefox,sim
100,24,35-44,Natal,pardo,Firefox,sim
16,4,25-34,Fortaleza,pardo,Edge,não
5,1,18-24,Fortaleza,pardo,Firefox,não
18,2,45-54,Curitiba,pardo,Firefox,não
78,78,25-34,Salvador,branco,Firefox,sim
19,11,18-24,Salvador,pardo,Safari,não
43,37,25-34,Blumenau,negro,Firefox,sim
65,7,25-34,Fortaleza,pardo,Chrome,sim
63,53,35-44,Natal,pardo,Edge,sim
64,41,45-54,Blumenau,branco,Edge,sim
3,0,25-34,Natal,branco,Edge,não
78,43,55-64,Curitiba,branco,Edge,sim
77,41,35-44,Curitiba,negro,Safari,sim
43,21,55-64,Salvador,negro,Chrome,não
2,1,45-54,Curitiba,pardo,Edge,não
14,1,45-54,Fortaleza,branco,Safari,não
36,21,18-24,Curitiba,pardo,Edge,não
33,31,55-64,Natal,negro,Firefox,não
99,15,18-24,Fortaleza,branco,Chrome,sim
59,57,35-44,Fortaleza,branco,Edge,sim
63,14,55-64,Blumenau,branco,Firefox,sim
56,11,35-44,Fortaleza,negro,Firefox,sim
52,6,35-44,Natal,pardo,Firefox,sim
39,23,18-24,Salvador,branco,Edge,não
99,87,18-24,Salvador,branco,Firefox,sim
50,37,55-64,Salvador,negro,Firefox,não
65,1,55-64,Blumenau,branco,Chrome,não
12,0,25-34,Fortaleza,branco,Firefox,não
80,6,55-64,Salvador,negro,Chrome,não
1,0,55-64,Salvador,branco,Edge,não
2,0,25-34,Curitiba,branco,Safari,não
45,42,18-24,Fortaleza,negro,Edge,não
44,8,25-34,Blumenau,branco,Firefox,sim
24,9,45-54,Blumenau,negro,Safari,não
7,7,18-24,Curitiba,branco,Safari,não
28,9,55-64,Curitiba,negro,Safari,não
67,50,55-64,Blumenau,negro,Edge,sim
25,13,18-24,Curitiba,pardo,Edge,não
40,8,25-34,Salvador,negro,Safari,sim
100,81,45-54,Fortaleza,negro,Firefox,sim
87,60,18-24,Blumenau,negro,Chrome,sim
59,33,35-44,Curitiba,pardo,Edge,sim
10,1,18-24,Curitiba,pardo,Firefox,não
9,0,18-24,Fortaleza,pardo,Safari,não
79,5,45-54,Natal,negro,Firefox,não
90,2,55-64,Salvador,negro,Safari,não
100,21,45-54,Fortaleza,pardo,Chrome,sim
48,34,55-64,Blumenau,negro,Chrome,não
61,15,35-44,Natal,pardo,Firefox,sim
37,10,55-64,Natal,negro,Safari,não
74,14,55-64,Curitiba,pardo,Chrome,sim
96,78,18-24,Natal,pardo,Edge,sim
68,37,35-44,Blumenau,negro,Firefox,sim
72,40,55-64,Blumenau,branco,Chrome,sim
56,51,25-34,Fortaleza,branco,Safari,sim
15,9,18-24,Blumenau,negro,Edge,não
45,45,35-44,Salvador,pardo,Firefox,sim
70,10,35-44,Blumenau,negro,Edge,sim
45,1,25-34,Fortaleza,negro,Chrome,não
42,28,35-44,Curitiba,pardo,Chrome,sim
76,28,18-24,Fortaleza,branco,Safari,sim
35,2,55-64,Curitiba,branco,Chrome,não
63,53,18-24,Natal,pardo,Firefox,sim
88,69,25-34,Salvador,branco,Firefox,sim
31,17,55-64,Fortaleza,branco,Firefox,não
49,13,18-24,Natal,branco,Edge,não
84,51,25-34,Fortaleza,pardo,Firefox,sim
13,13,18-24,Natal,negro,Chrome,não
23,0,35-44,Blumenau,pardo,Firefox,não
17,1,25-34,Salvador,negro,Safari,não
58,17,55-64,Salvador,branco,Safari,sim
84,23,55-64,Salvador,pardo,Chrome,sim
71,58,18-24,Fortaleza,pardo,Edge,sim
21,15,35-44,Natal,pardo,Edge,sim
60,36,35-44,Blumenau,branco,Safari,sim
25,5,35-44,Salvador,pardo,Chrome,não
36,20,35-44,Blumenau,pardo,Firefox,sim
66,31,55-64,Natal,branco,Firefox,sim
18,5,18-24,Blumenau,branco,Firefox,não
100,30,35-44,Blumenau,negro,Edge,sim
9,6,25-34,Curitiba,negro,Firefox,sim
51,35,35-44,Natal,negro,Edge,sim
51,1,45-54,Curitiba,pardo,Edge,não
18,15,55-64,Curitiba,negro,Chrome,não
10,5,55-64,Curitiba,negro,Firefox,não
55,26,55-64,Natal,pardo,Safari,sim
50,8,35-44,Fortaleza,pardo,Chrome,sim
69,49,45-54,Blumenau,branco,Safari,sim
47,36,25-34,Blumenau,branco,Chrome,sim
49,40,45-54,Curitiba,pardo,Chrome,não
77,52,18-24,Blumenau,negro,Safari,sim
41,39,18-24,Fortaleza,negro,Safari,não
19,12,18-24,Natal,negro,Chrome,não
78,53,35-44,Fortaleza,negro,Safari,sim
49,18,55-64,Curitiba,branco,Firefox,não
33,18,45-54,Natal,pardo,Safari,não
5,3,55-64,Curitiba,branco,Edge,não
43,24,45-54,Salvador,pardo,Safari,não
14,13,55-64,Blumenau,branco,Safari,não
69,21,45-54,Blumenau,branco,Chrome,sim
13,13,45-54,Salvador,pardo,Safari,não
70,24,25-34,Fortaleza,branco,Chrome,sim
59,39,18-24,Curitiba,pardo,Edge,sim
49,41,55-64,Curitiba,pardo,Firefox,não
96,70,18-24,Curitiba,branco,Chrome,sim
56,27,35-44,Fortaleza,negro,Safari,sim
66,2,25-34,Blumenau,pardo,Safari,não
66,4,25-34,Natal,branco,Firefox,não
39,2,55-64,Curitiba,branco,Firefox,não
49,1,55-64,Natal,negro,Safari,não
18,1,18-24,Fortaleza,negro,Edge,não
87,83,35-44,Salvador,negro,Edge,sim
47,30,25-34,Natal,pardo,Chrome,sim
82,6,55-64,Blumenau,negro,Safari,não
39,0,55-64,Blumenau,negro,Firefox,não
26,26,55-64,Curitiba,branco,Safari,não
92,31,35-44,Curitiba,branco,Chrome,sim
97,83,45-54,Natal,pardo,Safari,sim
94,94,18-24,Salvador,negro,Firefox,sim
73,18,55-64,Blumenau,branco,Edge,sim
18,12,35-44,Salvador,branco,Chrome,sim
73,72,18-24,Curitiba,negro,Edge,sim
86,13,55-64,Fortaleza,branco,Chrome,sim
65,23,18-24,Natal,negro,Safari,sim
73,72,25-34,Fortaleza,negro,Edge,sim
79,22,18-24,Salvador,branco,Edge,sim
9,5,55-64,Curitiba,negro,Chrome,não
7,0,35-44,Blumenau,branco,Chrome,não
97,12,45-54,Curitiba,branco,Chrome,sim
98,79,18-24,Fortaleza,pardo,Chrome,sim
31,28,55-64,Fortaleza,pardo,Edge,não
7,0,18-24,Natal,negro,Chrome,não
63,6,55-64,Curitiba,branco,Edge,não
25,25,25-34,Fortaleza,pardo,Edge,sim
4,4,25-34,Curitiba,pardo,Chrome,não
70,43,45-54,Blumenau,negro,Firefox,sim
55,9,25-34,Natal,pardo,Safari,sim
69,56,25-34,Blumenau,branco,Chrome,sim
26,9,45-54,Blumenau,branco,Safari,não
27,7,45-54,Curitiba,negro,Firefox,não
90,21,25-34,Natal,branco,Edge,sim
45,39,45-54,Curitiba,negro,Safari,não
31,19,18-24,Fortaleza,pardo,Edge,não
39,23,25-34,Blumenau,branco,Edge,sim
97,54,45-54,Curitiba,pardo,Firefox,sim
43,6,45-54,Blumenau,pardo,Firefox,não
89,0,55-64,Salvador,branco,Safari,não
84,71,35-44,Natal,negro,Firefox,sim
23,10,18-24,Blumenau,negro,Chrome,não
76,68,35-44,Blumenau,branco,Safari,sim
3,0,18-24,Curitiba,branco,Edge,não
17,11,25-34,Curitiba,pardo,Chrome,sim
40,34,25-34,Salvador,branco,Firefox,sim
6,2,35-44,Fortaleza,branco,Firefox,não
15,11,25-34,Natal,branco,Safari,sim
39,20,55-64,Fortaleza,negro,Edge,não
35,23,45-54,Natal,negro,Safari,não
74,62,35-44,Blumenau,negro,Safari,sim
47,19,25-34,Fortaleza,branco,Firefox,sim
93,63,25-34,Blumenau,pardo,Safari,sim
42,7,55-64,Natal,negro,Firefox,não
80,76,35-44,Natal,negro,Firefox,sim
48,16,35-44,Blumenau,pardo,Chrome,sim
16,3,18-24,Natal,branco,Edge,não
21,18,45-54,Blumenau,pardo,Safari,não
71,57,18-24,Natal,negro,Edge,sim
9,2,55-64,Natal,branco,Firefox,não
87,31,18-24,Curitiba,negro,Edge,sim
84,14,55-64,Fortaleza,branco,Safari,sim
91,90,18-24,Natal,branco,Chrome,sim
38,32,25-34,Fortaleza,branco,Safari,sim
36,10,35-44,Natal,negro,Edge,sim
72,22,35-44,Blumenau,branco,Firefox,sim
25,9,55-64,Fortaleza,branco,Firefox,não
42,18,45-54,Curitiba,negro,Firefox,não
38,30,18-24,Fortaleza,branco,Chrome,não
53,44,18-24,Natal,negro,Firefox,sim
25,25,18-24,Blumenau,branco,Chrome,não
76,54,18-24,Salvador,branco,Safari,sim
11,11,25-34,Salvador,pardo,Edge,sim
47,15,25-34,Salvador,pardo,Firefox,sim
9,6,55-64,Salvador,branco,Edge,não
24,24,35-44,Curitiba,pardo,Firefox,sim
28,10,25-34,Fortaleza,branco,Edge,sim
17,6,55-64,Salvador,pardo,Chrome,não
23,3,25-34,Blumenau,pardo,Firefox,não
23,12,35-44,Natal,pardo,Safari,sim
87,2,35-44,Natal,negro,Edge,não
49,43,18-24,Curitiba,pardo,Edge,não
62,52,45-54,Blumenau,branco,Firefox,sim
72,59,18-24,Fortaleza,pardo,Chrome,sim
89,11,45-54,Natal,pardo,Safari,sim
48,34,45-54,Blumenau,pardo,Chrome,não
91,21,18-24,Fortaleza,negro,Firefox,sim
85,34,55-64,Curitiba,branco,Safari,sim
38,12,55-64,Natal,negro,Firefox,não
31,24,18-24,Fortaleza,branco,Firefox,não
16,3,18-24,Curitiba,branco,Edge,não
16,3,18-24,Fortaleza,negro,Firefox,não
4,0,18-24,Blumenau,negro,Firefox,não
92,50,55-64,Blumenau,negro,Chrome,sim
28,8,45-54,Curitiba,branco,Chrome,não
67,31,18-24,Blumenau,pardo,Edge,sim
67,21,25-34,Fortaleza,pardo,Chrome,sim
84,48,18-24,Blumenau,branco,Edge,sim
45,7,18-24,Fortaleza,negro,Safari,não
19,16,45-54,Salvador,branco,Safari,não
100,86,55-64,Blumenau,pardo,Safari,sim
100,35,55-64,Natal,pardo,Firefox,sim
75,19,55-64,Natal,pardo,Firefox,sim
52,9,55-64,Blumenau,negro,Safari,não
87,44,25-34,Natal,branco,Edge,sim
53,45,45-54,Salvador,pardo,Firefox,sim
22,11,35-44,Blumenau,negro,Edge,sim
31,26,55-64,Natal,pardo,Safari,não
47,9,35-44,Salvador,negro,Firefox,sim
59,46,55-64,Fortaleza,branco,Firefox,sim
37,32,45-54,Curitiba,pardo,Safari,não
2,0,55-64,Blumenau,negro,Firefox,não
2,1,25-34,Curitiba,branco,Firefox,não
55,10,35-44,Curitiba,negro,Edge,sim
95,17,18-24,Curitiba,branco,Firefox,sim
90,73,18-24,Salvador,pardo,Safari,sim
10,7,25-34,Fortaleza,branco,Edge,sim
62,58,55-64,Blumenau,pardo,Edge,sim
10,8,35-44,Salvador,pardo,Safari,sim
48,35,35-44,Curitiba,negro,Chrome,sim
79,73,25-34,Blumenau,branco,Safari,sim
40,3,18-24,Blumenau,branco,Firefox,não
18,9,18-24,Blumenau,negro,Firefox,não
56,56,45-54,Natal,branco,Firefox,sim
77,50,18-24,Blumenau,branco,Firefox,sim
79,15,45-54,Salvador,pardo,Edge,sim
36,17,18-24,Salvador,branco,Safari,não
3,1,45-54,Salvador,negro,Safari,não
47,2,18-24,Curitiba,pardo,Safari,não
33,5,45-54,Blumenau,branco,Chrome,não
77,66,18-24,Salvador,negro,Edge,sim
34,12,45-54,Curitiba,pardo,Safari,não
81,78,25-34,Curitiba,branco,Safari,sim
76,36,25-34,Blumenau,pardo,Safari,sim
70,55,25-34,Blumenau,negro,Safari,sim
88,35,25-34,Salvador,branco,Edge,sim
52,6,18-24,Curitiba,pardo,Chrome,não
3,2,45-54,Salvador,pardo,Firefox,não
89,58,45-54,Curitiba,negro,Safari,sim
85,41,18-24,Curitiba,branco,Safari,sim
4,4,55-64,Salvador,pardo,Safari,não
28,24,45-54,Blumenau,negro,Edge,não
18,12,25-34,Blumenau,pardo,Firefox,sim
40,14,25-34,Curitiba,pardo,Safari,sim
14,1,18-24,Blumenau,negro,Edge,não
36,20,45-54,Curitiba,negro,Safari,não
97,72,35-44,Curitiba,negro,Firefox,sim
31,7,35-44,Fortaleza,pardo,Edge,sim
19,13,45-54,Curitiba,negro,Chrome,não
1,0,18-24,Fortaleza,negro,Edge,não
40,30,55-64,Salvador,negro,Chrome,não
31,28,18-24,Blumenau,pardo,Chrome,não
20,19,45-54,Blumenau,pardo,Edge,não
80,76,35-44,Fortaleza,branco,Firefox,sim
55,34,18-24,Fortaleza,negro,Firefox,sim
46,32,35-44,Curitiba,negro,Edge,sim
41,22,45-54,Blumenau,branco,Safari,não
53,40,45-54,Fortaleza,branco,Edge,sim
70,3,55-64,Salvador,negro,Firefox,não
90,31,45-54,Natal,pardo,Edge,sim
48,31,35-44,Salvador,pardo,Edge,sim
70,7,55-64,Blumenau,negro,Safari,não
89,88,25-34,Salvador,negro,Chrome,sim
90,78,55-64,Curitiba,branco,Firefox,sim
29,24,55-64,Blumenau,branco,Edge,não
49,0,25-34,Natal,branco,Firefox,não
97,34,55-64,Natal,branco,Firefox,sim
45,37,55-64,Natal,negro,Edge,não
97,43,18-24,Salvador,negro,Edge,sim
44,3,18-24,Blumenau,branco,Safari,não
31,23,35-44,Curitiba,pardo,Safari,sim
79,42,18-24,Curitiba,pardo,Chrome,sim
92,3,45-54,Salvador,pardo,Chrome,não
1,1,25-34,Natal,negro,Safari,não
71,39,18-24,Fortaleza,pardo,Edge,sim
43,31,25-34,Fortaleza,branco,Chrome,sim
26,23,55-64,Blumenau,branco,Chrome,não
4,0,35-44,Fortaleza,branco,Safari,não
76,15,55-64,Salvador,pardo,Edge,sim
61,17,25-34,Blumenau,pardo,Edge,sim
28,11,25-34,Blumenau,pardo,Chrome,sim
8,5,45-54,Curitiba,negro,Edge,não
90,57,45-54,Fortaleza,branco,Edge,sim
97,91,25-34,Natal,branco,Edge,sim
28,7,18-24,Salvador,pardo,Safari,não
92,5,25-34,Fortaleza,pardo,Edge,não
94,91,18-24,Natal,pardo,Edge,sim
51,6,25-34,Fortaleza,pardo,Safari,sim
85,72,35-44,Natal,negro,Chrome,sim
33,25,35-44,Salvador,branco,Firefox,sim
65,34,18-24,Blumenau,branco,Safari,sim
44,1,25-34,Natal,negro,Firefox,não
96,86,18-24,Blumenau,pardo,Chrome,sim
34,23,18-24,Fortaleza,negro,Chrome,não
60,29,18-24,Curitiba,pardo,Chrome,sim
49,42,25-34,Fortaleza,branco,Edge,sim
96,25,55-64,Natal,negro,Safari,sim
97,9,55-64,Curitiba,negro,Safari,não
74,19,18-24,Natal,branco,Safari,sim
17,0,45-54,Natal,pardo,Edge,não
46,17,55-64,Salvador,branco,Chrome,não
53,40,55-64,Blumenau,pardo,Edge,sim
27,8,45-54,Fortaleza,negro,Chrome,não
28,9,18-24,Natal,pardo,Safari,não
79,31,35-44,Natal,negro,Safari,sim
64,0,18-24,Natal,negro,Safari,não
85,20,55-64,Blumenau,pardo,Edge,sim
71,46,18-24,Natal,branco,Safari,sim
20,20,45-54,Natal,pardo,Safari,não
33,17,55-64,Curitiba,branco,Chrome,não
96,49,18-24,Curitiba,pardo,Chrome,sim
40,0,55-64,Salvador,pardo,Edge,não
84,17,45-54,Fortaleza,pardo,Firefox,sim
58,6,45-54,Natal,negro,Firefox,não
23,9,45-54,Blumenau,negro,Edge,não
67,25,55-64,Natal,branco,Edge,sim
37,17,45-54,Curitiba,branco,Safari,não
59,52,55-64,Blumenau,negro,Firefox,sim
87,83,45-54,Natal,pardo,Safari,sim
32,17,55-64,Natal,negro,Edge,não
93,17,25-34,Fortaleza,branco,Firefox,sim
85,27,45-54,Blumenau,negro,Chrome,sim
1,1,18-24,Blumenau,pardo,Chrome,não
73,59,55-64,Blumenau,pardo,Safari,sim
27,5,45-54,Salvador,branco,Safari,não
56,44,35-44,Blumenau,branco,Chrome,sim
38,34,35-44,Natal,pardo,Firefox,sim
69,26,45-54,Blumenau,pardo,Edge,sim
72,54,45-54,Salvador,branco,Firefox,sim
66,57,55-64,Fortaleza,branco,Safari,sim
85,27,18-24,Blumenau,branco,Firefox,sim
14,11,45-54,Natal,negro,Chrome,não
38,34,25-34,Curitiba,branco,Safari,sim
66,10,25-34,Blumenau,branco,Safari,sim
66,38,45-54,Natal,branco,Edge,sim
26,26,25-34,Fortaleza,negro,Firefox,sim
15,15,45-54,Blumenau,negro,Chrome,não
93,41,45-54,Salvador,branco,Chrome,sim
55,16,55-64,Fortaleza,negro,Chrome,sim
27,20,55-64,Fortaleza,negro,Safari,não
99,60,55-64,Fortaleza,pardo,Chrome,sim
61,39,25-34,Blumenau,branco,Firefox,sim
34,8,25-34,Natal,branco,Edge,sim
80,44,18-24,Fortaleza,negro,Firefox,sim
76,73,45-54,Natal,branco,Firefox,sim
35,23,35-44,Blumenau,branco,Chrome,sim
92,12,25-34,Fortaleza,negro,Safari,sim
51,27,18-24,Salvador,negro,Chrome,sim
78,61,18-24,Natal,pardo,Edge,sim
35,8,35-44,Curitiba,branco,Firefox,sim
42,42,35-44,Curitiba,branco,Edge,sim
3,0,25-34,Fortaleza,branco,Edge,não
91,65,18-24,Natal,negro,Chrome,sim
25,9,18-24,Curitiba,negro,Edge,não
12,5,55-64,Fortaleza,branco,Firefox,não
13,2,35-44,Blumenau,negro,Safari,não
63,7,25-34,Fortaleza,negro,Edge,sim
81,60,18-24,Fortaleza,negro,Firefox,sim
24,6,45-54,Fortaleza,branco,Edge,não
55,29,25-34,Natal,pardo,Firefox,sim
34,30,55-64,Salvador,negro,Firefox,não
3,0,35-44,Fortaleza,branco,Safari,não
29,15,55-64,Blumenau,pardo,Safari,não
25,8,18-24,Salvador,negro,Firefox,não
24,12,18-24,Curitiba,branco,Safari,não
12,5,35-44,Blumenau,branco,Chrome,não
80,1,18-24,Fortaleza,branco,Edge,não
97,5,55-64,Curitiba,branco,Chrome,não
39,13,25-34,Natal,negro,Edge,sim
59,24,55-64,Salvador,negro,Safari,sim
64,11,45-54,Curitiba,pardo,Firefox,sim
98,26,25-34,Natal,branco,Chrome,sim
80,43,45-54,Salvador,branco,Safari,sim
48,22,45-54,Fortaleza,pardo,Chrome,não
17,10,35-44,Natal,pardo,Safari,sim
93,85,35-44,Blumenau,pardo,Firefox,sim
71,7,55-64,Salvador,branco,Chrome,não
47,47,25-34,Fortaleza,pardo,Firefox,sim
18,12,35-44,Salvador,negro,Safari,sim
72,15,55-64,Salvador,branco,Edge,sim
1,0,35-44,Curitiba,pardo,Firefox,não
81,42,18-24,Blumenau,negro,Chrome,sim
17,17,18-24,Curitiba,pardo,Edge,não
72,22,25-34,Salvador,pardo,Safari,sim
